state,total
Alabama,4863300.0
Alabama,4780131.0
Alabama,1.7
Alabama,4779736.0
Alabama,6.0
Alabama,6.4
Alabama,22.6
Alabama,23.7
Alabama,16.1
Alabama,13.8
Alabama,51.6
Alabama,51.5
Alabama,69.3
Alabama,26.8
Alabama,0.7
Alabama,1.4
Alabama,0.1
Alabama,1.6
Alabama,4.2
Alabama,65.8
Alabama,363170.0
Alabama,3.5
Alabama,2230185.0
Alabama,2171853.0
Alabama,68.7
Alabama,125500.0
Alabama,1139.0
Alabama,345.0
Alabama,717.0
Alabama,15001.0
Alabama,1848325.0
Alabama,2.55
Alabama,85.3
Alabama,5.2
Alabama,84.3
Alabama,23.5
Alabama,11.8
Alabama,10.7
Alabama,58.0
Alabama,53.0
Alabama,7576462.0
Alabama,26039632.0
Alabama,124809759.0
Alabama,57746565.0
Alabama,58564965.0
Alabama,12145.0
Alabama,24.4
Alabama,43623.0
Alabama,24091.0
Alabama,17.1
Alabama,98540.0
Alabama,1634391.0
Alabama,67370353.0
Alabama,1.9
Alabama,322025.0
Alabama,374153.0
Alabama,203604.0
Alabama,137630.0
Alabama,92219.0
Alabama,272651.0
Alabama,41943.0
Alabama,316984.0
Alabama,94.4
Alabama,50645.33
Alaska,741894.0
Alaska,710249.0
Alaska,4.5
Alaska,710231.0
Alaska,7.3
Alaska,7.6
Alaska,25.2
Alaska,26.4
Alaska,10.4
Alaska,7.7
Alaska,47.7
Alaska,48.0
Alaska,66.1
Alaska,3.8
Alaska,15.2
Alaska,6.3
Alaska,1.3
Alaska,7.3
Alaska,7.0
Alaska,61.2
Alaska,69323.0
Alaska,7.4
Alaska,310658.0
Alaska,306967.0
Alaska,63.4
Alaska,250000.0
Alaska,1827.0
Alaska,554.0
Alaska,1146.0
Alaska,1503.0
Alaska,250969.0
Alaska,2.81
Alaska,80.9
Alaska,16.2
Alaska,92.1
Alaska,28.0
Alaska,8.1
Alaska,15.5
Alaska,67.7
Alaska,65.0
Alaska,2221335.0
Alaska,6375483.0
Alaska,5216303.0
Alaska,10474275.0
Alaska,14320.0
Alaska,19.0
Alaska,72515.0
Alaska,33413.0
Alaska,9.9
Alaska,20907.0
Alaska,267999.0
Alaska,15643303.0
Alaska,0.4
Alaska,55521.0
Alaska,68032.0
Alaska,35402.0
Alaska,22141.0
Alaska,13688.0
Alaska,51147.0
Alaska,7953.0
Alaska,56091.0
Alaska,1.2
Alaska,570640.95
Arizona,6931071.0
Arizona,6392301.0
Arizona,8.4
Arizona,6392017.0
Arizona,6.3
Arizona,7.1
Arizona,23.5
Arizona,25.5
Arizona,16.9
Arizona,13.8
Arizona,50.3
Arizona,50.3
Arizona,83.3
Arizona,4.9
Arizona,5.4
Arizona,3.4
Arizona,0.3
Arizona,2.8
Arizona,30.9
Arizona,55.5
Arizona,505794.0
Arizona,13.5
Arizona,2961003.0
Arizona,2844526.0
Arizona,62.8
Arizona,167500.0
Arizona,1343.0
Arizona,380.0
Arizona,913.0
Arizona,35578.0
Arizona,2412212.0
Arizona,2.69
Arizona,81.3
Arizona,26.9
Arizona,86.0
Arizona,27.5
Arizona,8.2
Arizona,11.9
Arizona,59.3
Arizona,54.5
Arizona,13996635.0
Arizona,37055881.0
Arizona,51243473.0
Arizona,69437272.0
Arizona,84716542.0
Arizona,12927.0
Arizona,24.8
Arizona,50255.0
Arizona,25848.0
Arizona,16.4
Arizona,136352.0
Arizona,2295186.0
Arizona,102671393.0
Arizona,2.4
Arizona,451951.0
Arizona,499926.0
Arizona,245243.0
Arizona,182425.0
Arizona,135313.0
Arizona,344981.0
Arizona,46780.0
Arizona,427582.0
Arizona,56.3
Arizona,113594.08
Arkansas,2988248.0
Arkansas,2916025.0
Arkansas,2.5
Arkansas,2915918.0
Arkansas,6.4
Arkansas,6.8
Arkansas,23.6
Arkansas,24.4
Arkansas,16.3
Arkansas,14.4
Arkansas,50.9
Arkansas,50.9
Arkansas,79.4
Arkansas,15.7
Arkansas,1.0
Arkansas,1.6
Arkansas,0.3
Arkansas,2.0
Arkansas,7.3
Arkansas,72.9
Arkansas,220953.0
Arkansas,4.7
Arkansas,1354762.0
Arkansas,1316299.0
Arkansas,66.1
Arkansas,111400.0
Arkansas,1019.0
Arkansas,327.0
Arkansas,677.0
Arkansas,9474.0
Arkansas,1138025.0
Arkansas,2.53
Arkansas,83.9
Arkansas,7.2
Arkansas,84.8
Arkansas,21.1
Arkansas,12.3
Arkansas,9.3
Arkansas,58.5
Arkansas,53.3
Arkansas,4307264.0
Arkansas,15792628.0
Arkansas,62712925.0
Arkansas,31256110.0
Arkansas,36815256.0
Arkansas,12483.0
Arkansas,21.6
Arkansas,41371.0
Arkansas,22798.0
Arkansas,17.2
Arkansas,65175.0
Arkansas,1003113.0
Arkansas,39451191.0
Arkansas,1.1
Arkansas,198380.0
Arkansas,231959.0
Arkansas,123158.0
Arkansas,75962.0
Arkansas,35982.0
Arkansas,189029.0
Arkansas,25915.0
Arkansas,192988.0
Arkansas,56.0
Arkansas,52035.48
California,39250017.0
California,37254522.0
California,5.4
California,37253956.0
California,6.3
California,6.8
California,23.2
California,25.0
California,13.6
California,11.4
California,50.3
California,50.3
California,72.7
California,6.5
California,1.7
California,14.8
California,0.5
California,3.8
California,38.9
California,37.7
California,1777410.0
California,27.0
California,14060525.0
California,13680081.0
California,54.3
California,385500.0
California,2155.0
California,500.0
California,1255.0
California,102350.0
California,12717801.0
California,2.96
California,85.2
California,43.9
California,81.8
California,31.4
California,6.8
California,8.3
California,63.1
California,57.2
California,90830372.0
California,248953592.0
California,512303164.0
California,666652186.0
California,481800461.0
California,12665.0
California,28.0
California,61818.0
California,30318.0
California,14.3
California,908120.0
California,14325377.0
California,856954246.0
California,3.5
California,3206958.0
California,3548449.0
California,1852580.0
California,1320085.0
California,1619857.0
California,1819107.0
California,252377.0
California,3176341.0
California,239.1
California,155779.22
Colorado,5540545.0
Colorado,5029324.0
Colorado,10.2
Colorado,5029196.0
Colorado,6.1
Colorado,6.8
Colorado,22.8
Colorado,24.4
Colorado,13.4
Colorado,10.9
Colorado,49.7
Colorado,49.9
Colorado,87.5
Colorado,4.5
Colorado,1.6
Colorado,3.3
Colorado,0.2
Colorado,3.0
Colorado,21.3
Colorado,68.6
Colorado,391725.0
Colorado,9.8
Colorado,2339118.0
Colorado,2212898.0
Colorado,64.3
Colorado,247800.0
Colorado,1577.0
Colorado,419.0
Colorado,1002.0
Colorado,38974.0
Colorado,2024468.0
Colorado,2.55
Colorado,80.8
Colorado,16.9
Colorado,90.7
Colorado,38.1
Colorado,7.2
Colorado,8.6
Colorado,67.6
Colorado,62.6
Colorado,13617654.0
Colorado,29488161.0
Colorado,50447098.0
Colorado,77034971.0
Colorado,67815200.0
Colorado,13073.0
Colorado,24.8
Colorado,60629.0
Colorado,32217.0
Colorado,11.0
Colorado,161737.0
Colorado,2253795.0
Colorado,117539555.0
Colorado,3.3
Colorado,480847.0
Colorado,547352.0
Colorado,284554.0
Colorado,194508.0
Colorado,85849.0
Colorado,442365.0
Colorado,51722.0
Colorado,469524.0
Colorado,48.5
Colorado,103641.89
Connecticut,3576452.0
Connecticut,3574114.0
Connecticut,0.1
Connecticut,3574097.0
Connecticut,5.2
Connecticut,5.7
Connecticut,21.1
Connecticut,22.9
Connecticut,16.1
Connecticut,14.2
Connecticut,51.2
Connecticut,51.3
Connecticut,80.6
Connecticut,11.8
Connecticut,0.5
Connecticut,4.7
Connecticut,0.1
Connecticut,2.3
Connecticut,15.7
Connecticut,67.7
Connecticut,199331.0
Connecticut,13.9
Connecticut,1499116.0
Connecticut,1487891.0
Connecticut,67.0
Connecticut,270500.0
Connecticut,2067.0
Connecticut,833.0
Connecticut,1075.0
Connecticut,5504.0
Connecticut,1352583.0
Connecticut,2.57
Connecticut,87.8
Connecticut,21.9
Connecticut,89.9
Connecticut,37.6
Connecticut,7.1
Connecticut,5.7
Connecticut,67.2
Connecticut,62.8
Connecticut,9542068.0
Connecticut,29573119.0
Connecticut,55160095.0
Connecticut,161962244.0
Connecticut,51632467.0
Connecticut,14381.0
Connecticut,25.4
Connecticut,70331.0
Connecticut,38803.0
Connecticut,9.8
Connecticut,89232.0
Connecticut,1503102.0
Connecticut,92555072.0
Connecticut,1.2
Connecticut,272809.0
Connecticut,326693.0
Connecticut,187845.0
Connecticut,106678.0
Connecticut,56113.0
Connecticut,259614.0
Connecticut,31056.0
Connecticut,281182.0
Connecticut,738.1
Connecticut,4842.36
Delaware,952065.0
Delaware,897936.0
Delaware,6.0
Delaware,897934.0
Delaware,5.8
Delaware,6.2
Delaware,21.5
Delaware,22.9
Delaware,17.5
Delaware,14.4
Delaware,51.6
Delaware,51.6
Delaware,70.1
Delaware,22.6
Delaware,0.6
Delaware,4.0
Delaware,0.1
Delaware,2.6
Delaware,9.2
Delaware,62.9
Delaware,71213.0
Delaware,8.7
Delaware,426149.0
Delaware,405885.0
Delaware,71.2
Delaware,231500.0
Delaware,1537.0
Delaware,445.0
Delaware,1018.0
Delaware,5804.0
Delaware,344022.0
Delaware,2.62
Delaware,86.6
Delaware,12.9
Delaware,88.4
Delaware,30.0
Delaware,8.5
Delaware,6.6
Delaware,63.1
Delaware,59.4
Delaware,2148437.0
Delaware,7003251.0
Delaware,22597384.0
Delaware,5628914.0
Delaware,14456001.0
Delaware,15763.0
Delaware,25.5
Delaware,60509.0
Delaware,30554.0
Delaware,11.7
Delaware,24852.0
Delaware,397385.0
Delaware,21305227.0
Delaware,1.5
Delaware,60734.0
Delaware,73418.0
Delaware,38328.0
Delaware,23964.0
Delaware,14440.0
Delaware,54782.0
Delaware,7206.0
Delaware,60318.0
Delaware,460.8
Delaware,1948.54
Florida,20612439.0
Florida,18804592.0
Florida,9.6
Florida,18801310.0
Florida,5.5
Florida,5.7
Florida,20.1
Florida,21.3
Florida,19.9
Florida,17.3
Florida,51.1
Florida,51.1
Florida,77.6
Florida,16.8
Florida,0.5
Florida,2.9
Florida,0.1
Florida,2.1
Florida,24.9
Florida,54.9
Florida,1507738.0
Florida,19.7
Florida,9301642.0
Florida,8989580.0
Florida,65.3
Florida,159000.0
Florida,1435.0
Florida,463.0
Florida,1002.0
Florida,116240.0
Florida,7300494.0
Florida,2.63
Florida,83.8
Florida,28.1
Florida,86.9
Florida,27.3
Florida,8.5
Florida,15.3
Florida,58.8
Florida,54.7
Florida,49817925.0
Florida,124061425.0
Florida,96924106.0
Florida,252626608.0
Florida,273867145.0
Florida,14177.0
Florida,26.4
Florida,47507.0
Florida,26829.0
Florida,14.7
Florida,532830.0
Florida,7777990.0
Florida,337074525.0
Florida,4.5
Florida,2040339.0
Florida,2100187.0
Florida,1084885.0
Florida,807817.0
Florida,926112.0
Florida,1121749.0
Florida,185756.0
Florida,1846686.0
Florida,350.6
Florida,53624.76
Georgia,10310371.0
Georgia,9688680.0
Georgia,6.4
Georgia,9687653.0
Georgia,6.4
Georgia,7.1
Georgia,24.4
Georgia,25.7
Georgia,13.1
Georgia,10.7
Georgia,51.3
Georgia,51.2
Georgia,61.2
Georgia,32.0
Georgia,0.5
Georgia,4.1
Georgia,0.1
Georgia,2.1
Georgia,9.4
Georgia,53.4
Georgia,670617.0
Georgia,9.8
Georgia,4218776.0
Georgia,4088801.0
Georgia,63.3
Georgia,148100.0
Georgia,1346.0
Georgia,392.0
Georgia,879.0
Georgia,51675.0
Georgia,3574362.0
Georgia,2.73
Georgia,84.0
Georgia,13.6
Georgia,85.4
Georgia,28.8
Georgia,8.8
Georgia,14.8
Georgia,62.3
Georgia,57.9
Georgia,18976611.0
Georgia,51800643.0
Georgia,155836792.0
Georgia,143645290.0
Georgia,119801495.0
Georgia,12077.0
Georgia,27.4
Georgia,49620.0
Georgia,25737.0
Georgia,16.0
Georgia,224593.0
Georgia,3692490.0
Georgia,174839354.0
Georgia,4.0
Georgia,870897.0
Georgia,929864.0
Georgia,480578.0
Georgia,376506.0
Georgia,371588.0
Georgia,538893.0
Georgia,96787.0
Georgia,800585.0
Georgia,168.4
Georgia,57513.49
Hawaii,1428557.0
Hawaii,1360301.0
Hawaii,5.0
Hawaii,1360301.0
Hawaii,6.4
Hawaii,6.4
Hawaii,21.6
Hawaii,22.3
Hawaii,17.1
Hawaii,14.3
Hawaii,49.8
Hawaii,49.9
Hawaii,25.8
Hawaii,2.2
Hawaii,0.4
Hawaii,37.7
Hawaii,10.2
Hawaii,23.7
Hawaii,10.4
Hawaii,22.1
Hawaii,110238.0
Hawaii,17.7
Hawaii,537114.0
Hawaii,519508.0
Hawaii,56.9
Hawaii,515300.0
Hawaii,2270.0
Hawaii,505.0
Hawaii,1438.0
Hawaii,3369.0
Hawaii,450572.0
Hawaii,3.02
Hawaii,85.1
Hawaii,25.2
Hawaii,91.0
Hawaii,30.8
Hawaii,6.5
Hawaii,4.2
Hawaii,61.5
Hawaii,58.8
Hawaii,9536706.0
Hawaii,8136947.0
Hawaii,9607982.0
Hawaii,18901745.0
Hawaii,13576.0
Hawaii,26.8
Hawaii,69515.0
Hawaii,29822.0
Hawaii,9.3
Hawaii,31915.0
Hawaii,523677.0
Hawaii,22068393.0
Hawaii,0.9
Hawaii,104707.0
Hawaii,118454.0
Hawaii,60409.0
Hawaii,44453.0
Hawaii,74208.0
Hawaii,38510.0
Hawaii,11148.0
Hawaii,101334.0
Hawaii,211.8
Hawaii,6422.63
Idaho,1683140.0
Idaho,1567650.0
Idaho,7.4
Idaho,1567582.0
Idaho,6.8
Idaho,7.8
Idaho,26.0
Idaho,27.4
Idaho,15.1
Idaho,12.4
Idaho,49.9
Idaho,49.9
Idaho,93.3
Idaho,0.8
Idaho,1.8
Idaho,1.5
Idaho,0.2
Idaho,2.4
Idaho,12.3
Idaho,82.4
Idaho,119711.0
Idaho,6.1
Idaho,700825.0
Idaho,667796.0
Idaho,68.9
Idaho,162900.0
Idaho,1189.0
Idaho,340.0
Idaho,743.0
Idaho,12165.0
Idaho,589320.0
Idaho,2.69
Idaho,82.4
Idaho,10.6
Idaho,89.5
Idaho,25.9
Idaho,9.0
Idaho,11.8
Idaho,62.6
Idaho,56.8
Idaho,2680225.0
Idaho,7895614.0
Idaho,20201432.0
Idaho,17906012.0
Idaho,20444278.0
Idaho,12812.0
Idaho,20.2
Idaho,47583.0
Idaho,23399.0
Idaho,14.4
Idaho,44757.0
Idaho,546524.0
Idaho,21119617.0
Idaho,3.0
Idaho,122221.0
Idaho,146642.0
Idaho,70438.0
Idaho,45121.0
Idaho,10592.0
Idaho,130973.0
Idaho,12804.0
Idaho,124314.0
Idaho,19.0
Idaho,82643.12
Illinois,12801539.0
Illinois,12831574.0
Illinois,-0.2
Illinois,12830632.0
Illinois,6.0
Illinois,6.5
Illinois,22.9
Illinois,24.4
Illinois,14.6
Illinois,12.5
Illinois,50.9
Illinois,51.0
Illinois,77.2
Illinois,14.7
Illinois,0.6
Illinois,5.5
Illinois,0.1
Illinois,1.9
Illinois,17.0
Illinois,61.7
Illinois,668933.0
Illinois,14.0
Illinois,5326970.0
Illinois,5296715.0
Illinois,66.4
Illinois,173800.0
Illinois,1636.0
Illinois,574.0
Illinois,907.0
Illinois,22603.0
Illinois,4786388.0
Illinois,2.63
Illinois,86.8
Illinois,22.7
Illinois,87.9
Illinois,32.3
Illinois,7.1
Illinois,7.4
Illinois,65.6
Illinois,60.7
Illinois,27937381.0
Illinois,83431778.0
Illinois,281037755.0
Illinois,295456992.0
Illinois,166634514.0
Illinois,12942.0
Illinois,28.4
Illinois,57574.0
Illinois,30494.0
Illinois,13.0
Illinois,318266.0
Illinois,5427549.0
Illinois,289183546.0
Illinois,2.2
Illinois,968330.0
Illinois,1135017.0
Illinois,609648.0
Illinois,417500.0
Illinois,311684.0
Illinois,795129.0
Illinois,89110.0
Illinois,1006885.0
Illinois,231.1
Illinois,55518.93
Indiana,6633053.0
Indiana,6484136.0
Indiana,2.3
Indiana,6483802.0
Indiana,6.4
Indiana,6.7
Indiana,23.8
Indiana,24.8
Indiana,14.9
Indiana,13.0
Indiana,50.7
Indiana,50.8
Indiana,85.6
Indiana,9.7
Indiana,0.4
Indiana,2.2
Indiana,0.1
Indiana,2.0
Indiana,6.8
Indiana,79.6
Indiana,426493.0
Indiana,4.8
Indiana,2854546.0
Indiana,2795541.0
Indiana,69.0
Indiana,124200.0
Indiana,1102.0
Indiana,378.0
Indiana,745.0
Indiana,18713.0
Indiana,2501937.0
Indiana,2.55
Indiana,85.0
Indiana,8.3
Indiana,87.8
Indiana,24.1
Indiana,9.7
Indiana,9.4
Indiana,63.9
Indiana,59.0
Indiana,13076602.0
Indiana,42493117.0
Indiana,242763842.0
Indiana,81173422.0
Indiana,85857962.0
Indiana,13133.0
Indiana,23.3
Indiana,49255.0
Indiana,25346.0
Indiana,14.1
Indiana,145116.0
Indiana,2660503.0
Indiana,113315432.0
Indiana,2.2
Indiana,403546.0
Indiana,479059.0
Indiana,253533.0
Indiana,162798.0
Indiana,61252.0
Indiana,405090.0
Indiana,45174.0
Indiana,412543.0
Indiana,181.0
Indiana,35826.11
Iowa,3134693.0
Iowa,3046869.0
Iowa,2.9
Iowa,3046355.0
Iowa,6.4
Iowa,6.6
Iowa,23.3
Iowa,23.9
Iowa,16.4
Iowa,14.9
Iowa,50.3
Iowa,50.5
Iowa,91.4
Iowa,3.7
Iowa,0.5
Iowa,2.5
Iowa,0.1
Iowa,1.8
Iowa,5.8
Iowa,86.2
Iowa,211066.0
Iowa,4.7
Iowa,1380162.0
Iowa,1336417.0
Iowa,71.5
Iowa,129200.0
Iowa,1171.0
Iowa,434.0
Iowa,697.0
Iowa,14317.0
Iowa,1236409.0
Iowa,2.42
Iowa,84.8
Iowa,7.4
Iowa,91.5
Iowa,26.7
Iowa,7.9
Iowa,5.0
Iowa,67.6
Iowa,63.3
Iowa,5468687.0
Iowa,18583828.0
Iowa,116668830.0
Iowa,62318301.0
Iowa,44905624.0
Iowa,14607.0
Iowa,18.9
Iowa,53183.0
Iowa,27950.0
Iowa,11.8
Iowa,80952.0
Iowa,1338418.0
Iowa,55079743.0
Iowa,1.7
Iowa,207167.0
Iowa,259121.0
Iowa,135382.0
Iowa,82345.0
Iowa,14707.0
Iowa,236561.0
Iowa,25889.0
Iowa,217779.0
Iowa,54.5
Iowa,55857.13
Kansas,2907289.0
Kansas,2853129.0
Kansas,1.9
Kansas,2853118.0
Kansas,6.7
Kansas,7.2
Kansas,24.6
Kansas,25.5
Kansas,15.0
Kansas,13.2
Kansas,50.2
Kansas,50.4
Kansas,86.6
Kansas,6.2
Kansas,1.2
Kansas,3.0
Kansas,0.1
Kansas,2.9
Kansas,11.6
Kansas,76.3
Kansas,198396.0
Kansas,6.9
Kansas,1259864.0
Kansas,1233215.0
Kansas,66.7
Kansas,132000.0
Kansas,1282.0
Kansas,455.0
Kansas,757.0
Kansas,9807.0
Kansas,1113472.0
Kansas,2.53
Kansas,83.5
Kansas,11.3
Kansas,90.2
Kansas,31.0
Kansas,8.6
Kansas,10.1
Kansas,66.3
Kansas,61.6
Kansas,4873411.0
Kansas,18248370.0
Kansas,86076260.0
Kansas,60226324.0
Kansas,38276461.0
Kansas,13263.0
Kansas,19.1
Kansas,52205.0
Kansas,27706.0
Kansas,12.1
Kansas,74526.0
Kansas,1189876.0
Kansas,51259676.0
Kansas,1.0
Kansas,195777.0
Kansas,239118.0
Kansas,125169.0
Kansas,77194.0
Kansas,26127.0
Kansas,204562.0
Kansas,21610.0
Kansas,203401.0
Kansas,34.9
Kansas,81758.72
Kentucky,4436974.0
Kentucky,4339344.0
Kentucky,2.2
Kentucky,4339367.0
Kentucky,6.2
Kentucky,6.5
Kentucky,22.8
Kentucky,23.6
Kentucky,15.6
Kentucky,13.3
Kentucky,50.7
Kentucky,50.8
Kentucky,88.0
Kentucky,8.3
Kentucky,0.3
Kentucky,1.5
Kentucky,0.1
Kentucky,1.9
Kentucky,3.5
Kentucky,85.0
Kentucky,297312.0
Kentucky,3.4
Kentucky,1965556.0
Kentucky,1927164.0
Kentucky,67.2
Kentucky,123200.0
Kentucky,1112.0
Kentucky,339.0
Kentucky,675.0
Kentucky,12714.0
Kentucky,1708499.0
Kentucky,2.5
Kentucky,84.7
Kentucky,5.1
Kentucky,84.2
Kentucky,22.3
Kentucky,12.9
Kentucky,6.0
Kentucky,59.1
Kentucky,54.9
Kentucky,7500115.0
Kentucky,26264745.0
Kentucky,129284438.0
Kentucky,71745899.0
Kentucky,54869978.0
Kentucky,12526.0
Kentucky,23.0
Kentucky,43740.0
Kentucky,24063.0
Kentucky,18.5
Kentucky,91845.0
Kentucky,1579477.0
Kentucky,63741066.0
Kentucky,2.9
Kentucky,280835.0
Kentucky,331546.0
Kentucky,184154.0
Kentucky,106011.0
Kentucky,27258.0
Kentucky,296155.0
Kentucky,33208.0
Kentucky,282704.0
Kentucky,109.9
Kentucky,39486.34
Louisiana,4681666.0
Louisiana,4533479.0
Louisiana,3.3
Louisiana,4533372.0
Louisiana,6.6
Louisiana,6.9
Louisiana,23.8
Louisiana,24.7
Louisiana,14.4
Louisiana,12.3
Louisiana,51.1
Louisiana,51.0
Louisiana,63.2
Louisiana,32.6
Louisiana,0.8
Louisiana,1.8
Louisiana,0.1
Louisiana,1.6
Louisiana,5.0
Louisiana,59.0
Louisiana,281989.0
Louisiana,4.0
Louisiana,2036975.0
Louisiana,1964981.0
Louisiana,65.8
Louisiana,144100.0
Louisiana,1200.0
Louisiana,317.0
Louisiana,788.0
Louisiana,14503.0
Louisiana,1727919.0
Louisiana,2.6
Louisiana,86.3
Louisiana,8.5
Louisiana,83.4
Louisiana,22.5
Louisiana,11.0
Louisiana,11.9
Louisiana,60.4
Louisiana,56.0
Louisiana,11697949.0
Louisiana,27951792.0
Louisiana,271191050.0
Louisiana,68012838.0
Louisiana,61396364.0
Louisiana,13342.0
Louisiana,25.1
Louisiana,45047.0
Louisiana,24981.0
Louisiana,20.2
Louisiana,105575.0
Louisiana,1724973.0
Louisiana,76684760.0
Louisiana,0.4
Louisiana,358223.0
Louisiana,414291.0
Louisiana,215111.0
Louisiana,151114.0
Louisiana,126100.0
Louisiana,277676.0
Louisiana,42211.0
Louisiana,354460.0
Louisiana,104.9
Louisiana,43203.9
Maine,1331479.0
Maine,1328364.0
Maine,0.2
Maine,1328361.0
Maine,4.9
Maine,5.2
Maine,19.1
Maine,20.7
Maine,19.4
Maine,15.9
Maine,51.0
Maine,51.1
Maine,94.8
Maine,1.5
Maine,0.7
Maine,1.2
Maine,1.7
Maine,1.6
Maine,93.5
Maine,119058.0
Maine,3.5
Maine,730705.0
Maine,721830.0
Maine,71.2
Maine,173800.0
Maine,1336.0
Maine,477.0
Maine,777.0
Maine,4010.0
Maine,553284.0
Maine,2.34
Maine,85.9
Maine,6.6
Maine,91.6
Maine,29.0
Maine,11.9
Maine,9.9
Maine,63.4
Maine,59.9
Maine,2901347.0
Maine,10297043.0
Maine,16044543.0
Maine,12961262.0
Maine,21521714.0
Maine,16192.0
Maine,23.6
Maine,49331.0
Maine,27655.0
Maine,12.5
Maine,40801.0
Maine,500549.0
Maine,20413159.0
Maine,1.6
Maine,113012.0
Maine,139570.0
Maine,79243.0
Maine,42067.0
Maine,4339.0
Maine,131322.0
Maine,15689.0
Maine,115839.0
Maine,43.1
Maine,30842.92
Maryland,6016447.0
Maryland,5773786.0
Maryland,4.2
Maryland,5773552.0
Maryland,6.1
Maryland,6.3
Maryland,22.4
Maryland,23.4
Maryland,14.6
Maryland,12.3
Maryland,51.6
Maryland,51.6
Maryland,59.3
Maryland,30.7
Maryland,0.6
Maryland,6.6
Maryland,0.1
Maryland,2.8
Maryland,9.8
Maryland,51.5
Maryland,403900.0
Maryland,14.5
Maryland,2447127.0
Maryland,2378814.0
Maryland,66.8
Maryland,286900.0
Maryland,1951.0
Maryland,582.0
Maryland,1230.0
Maryland,17044.0
Maryland,2166389.0
Maryland,2.67
Maryland,86.6
Maryland,17.2
Maryland,89.4
Maryland,37.9
Maryland,7.1
Maryland,7.0
Maryland,67.9
Maryland,64.1
Maryland,12516782.0
Maryland,40821901.0
Maryland,39532989.0
Maryland,60734191.0
Maryland,76379707.0
Maryland,12980.0
Maryland,32.3
Maryland,74551.0
Maryland,36897.0
Maryland,9.7
Maryland,137204.0
Maryland,2239817.0
Maryland,118496858.0
Maryland,1.0
Maryland,475518.0
Maryland,531953.0
Maryland,276630.0
Maryland,209119.0
Maryland,203394.0
Maryland,314902.0
Maryland,50976.0
Maryland,462232.0
Maryland,594.8
Maryland,9707.24
Massachusetts,6811779.0
Massachusetts,6547813.0
Massachusetts,4.0
Massachusetts,6547629.0
Massachusetts,5.3
Massachusetts,5.6
Massachusetts,20.2
Massachusetts,21.7
Massachusetts,15.8
Massachusetts,13.8
Massachusetts,51.5
Massachusetts,51.6
Massachusetts,81.8
Massachusetts,8.6
Massachusetts,0.5
Massachusetts,6.7
Massachusetts,0.1
Massachusetts,2.3
Massachusetts,11.5
Massachusetts,73.0
Massachusetts,355083.0
Massachusetts,15.5
Massachusetts,2858026.0
Massachusetts,2808254.0
Massachusetts,62.1
Massachusetts,333100.0
Massachusetts,2063.0
Massachusetts,717.0
Massachusetts,1102.0
Massachusetts,16288.0
Massachusetts,2549721.0
Massachusetts,2.53
Massachusetts,87.1
Massachusetts,22.5
Massachusetts,89.8
Massachusetts,40.5
Massachusetts,7.9
Massachusetts,2.9
Massachusetts,67.5
Massachusetts,63.4
Massachusetts,17508975.0
Massachusetts,63583090.0
Massachusetts,81927799.0
Massachusetts,123904370.0
Massachusetts,92915380.0
Massachusetts,13980.0
Massachusetts,28.7
Massachusetts,68563.0
Massachusetts,36895.0
Massachusetts,10.4
Massachusetts,175225.0
Massachusetts,3167329.0
Massachusetts,198026611.0
Massachusetts,2.6
Massachusetts,514298.0
Massachusetts,607664.0
Massachusetts,357158.0
Massachusetts,199210.0
Massachusetts,89967.0
Massachusetts,499959.0
Massachusetts,58339.0
Massachusetts,525667.0
Massachusetts,839.4
Massachusetts,7800.06
Michigan,9928300.0
Michigan,9884129.0
Michigan,0.4
Michigan,9883640.0
Michigan,5.8
Michigan,6.0
Michigan,22.1
Michigan,23.7
Michigan,16.2
Michigan,13.8
Michigan,50.8
Michigan,50.9
Michigan,79.6
Michigan,14.2
Michigan,0.7
Michigan,3.1
Michigan,2.4
Michigan,5.0
Michigan,75.4
Michigan,626722.0
Michigan,6.3
Michigan,4560055.0
Michigan,4532233.0
Michigan,71.0
Michigan,122400.0
Michigan,1257.0
Michigan,461.0
Michigan,783.0
Michigan,20408.0
Michigan,3841148.0
Michigan,2.52
Michigan,85.3
Michigan,9.2
Michigan,89.6
Michigan,26.9
Michigan,10.3
Michigan,6.3
Michigan,61.2
Michigan,57.1
Michigan,17962356.0
Michigan,63018786.0
Michigan,238892383.0
Michigan,115704903.0
Michigan,119302046.0
Michigan,12071.0
Michigan,24.2
Michigan,49576.0
Michigan,26607.0
Michigan,15.0
Michigan,219627.0
Michigan,3725280.0
Michigan,174873962.0
Michigan,3.2
Michigan,700254.0
Michigan,834087.0
Michigan,446128.0
Michigan,306986.0
Michigan,158946.0
Michigan,657237.0
Michigan,71861.0
Michigan,733517.0
Michigan,174.8
Michigan,56538.9
Minnesota,5519952.0
Minnesota,5303924.0
Minnesota,4.1
Minnesota,5303925.0
Minnesota,6.4
Minnesota,6.7
Minnesota,23.3
Minnesota,24.2
Minnesota,15.1
Minnesota,12.9
Minnesota,50.2
Minnesota,50.4
Minnesota,85.0
Minnesota,6.2
Minnesota,1.3
Minnesota,4.9
Minnesota,0.1
Minnesota,2.4
Minnesota,5.2
Minnesota,80.6
Minnesota,342388.0
Minnesota,7.7
Minnesota,2409935.0
Minnesota,2347201.0
Minnesota,71.7
Minnesota,186200.0
Minnesota,1490.0
Minnesota,479.0
Minnesota,848.0
Minnesota,21449.0
Minnesota,2124745.0
Minnesota,2.49
Minnesota,85.5
Minnesota,11.0
Minnesota,92.4
Minnesota,33.7
Minnesota,7.1
Minnesota,4.8
Minnesota,70.0
Minnesota,66.2
Minnesota,11722627.0
Minnesota,40403572.0
Minnesota,123076309.0
Minnesota,104485117.0
Minnesota,78898182.0
Minnesota,14667.0
Minnesota,23.1
Minnesota,61492.0
Minnesota,32157.0
Minnesota,9.9
Minnesota,148666.0
Minnesota,2612314.0
Minnesota,133092716.0
Minnesota,1.8
Minnesota,397378.0
Minnesota,489494.0
Minnesota,268710.0
Minnesota,157821.0
Minnesota,47302.0
Minnesota,428716.0
Minnesota,45582.0
Minnesota,419628.0
Minnesota,66.6
Minnesota,79626.74
Mississippi,2988726.0
Mississippi,2968103.0
Mississippi,0.7
Mississippi,2967297.0
Mississippi,6.3
Mississippi,7.1
Mississippi,24.1
Mississippi,25.5
Mississippi,15.1
Mississippi,12.8
Mississippi,51.5
Mississippi,51.4
Mississippi,59.3
Mississippi,37.7
Mississippi,0.6
Mississippi,1.1
Mississippi,0.1
Mississippi,1.2
Mississippi,3.1
Mississippi,56.9
Mississippi,184774.0
Mississippi,2.3
Mississippi,1307441.0
Mississippi,1274719.0
Mississippi,68.4
Mississippi,103100.0
Mississippi,1077.0
Mississippi,341.0
Mississippi,717.0
Mississippi,6886.0
Mississippi,1096593.0
Mississippi,2.64
Mississippi,86.1
Mississippi,3.9
Mississippi,82.3
Mississippi,20.7
Mississippi,11.9
Mississippi,13.9
Mississippi,57.5
Mississippi,53.7
Mississippi,6999175.0
Mississippi,16630587.0
Mississippi,66441608.0
Mississippi,28302952.0
Mississippi,37053190.0
Mississippi,12413.0
Mississippi,24.1
Mississippi,39665.0
Mississippi,21057.0
Mississippi,20.8
Mississippi,58662.0
Mississippi,926391.0
Mississippi,33948151.0
Mississippi,1.6
Mississippi,211955.0
Mississippi,235454.0
Mississippi,125079.0
Mississippi,89159.0
Mississippi,74824.0
Mississippi,155094.0
Mississippi,26789.0
Mississippi,198566.0
Mississippi,63.2
Mississippi,46923.27
Missouri,6093000.0
Missouri,5988928.0
Missouri,1.7
Missouri,5988927.0
Missouri,6.1
Missouri,6.5
Missouri,22.8
Missouri,23.8
Missouri,16.1
Missouri,14.0
Missouri,50.9
Missouri,51.0
Missouri,83.2
Missouri,11.8
Missouri,0.6
Missouri,2.0
Missouri,0.1
Missouri,2.2
Missouri,4.1
Missouri,79.7
Missouri,451342.0
Missouri,3.9
Missouri,2760084.0
Missouri,2712729.0
Missouri,67.2
Missouri,138400.0
Missouri,1210.0
Missouri,402.0
Missouri,746.0
Missouri,18997.0
Missouri,2364688.0
Missouri,2.48
Missouri,83.9
Missouri,6.0
Missouri,88.4
Missouri,27.1
Missouri,10.4
Missouri,10.5
Missouri,63.2
Missouri,59.3
Missouri,12430310.0
Missouri,40089316.0
Missouri,111535362.0
Missouri,91916351.0
Missouri,90546581.0
Missouri,15036.0
Missouri,23.2
Missouri,48173.0
Missouri,26259.0
Missouri,14.0
Missouri,158191.0
Missouri,2442316.0
Missouri,109135528.0
Missouri,1.6
Missouri,402091.0
Missouri,491606.0
Missouri,257948.0
Missouri,162616.0
Missouri,61035.0
Missouri,415972.0
Missouri,49217.0
Missouri,415542.0
Missouri,87.1
Missouri,68741.52
Montana,1042520.0
Montana,989414.0
Montana,5.4
Montana,989415.0
Montana,6.0
Montana,6.3
Montana,21.8
Montana,22.6
Montana,17.7
Montana,14.8
Montana,49.7
Montana,49.8
Montana,89.2
Montana,0.6
Montana,6.6
Montana,0.8
Montana,0.1
Montana,2.7
Montana,3.6
Montana,86.5
Montana,90000.0
Montana,2.1
Montana,497756.0
Montana,482825.0
Montana,67.2
Montana,193500.0
Montana,1294.0
Montana,387.0
Montana,711.0
Montana,4781.0
Montana,409394.0
Montana,2.41
Montana,83.6
Montana,4.1
Montana,92.8
Montana,29.5
Montana,9.1
Montana,9.8
Montana,63.6
Montana,59.5
Montana,2420455.0
Montana,6469475.0
Montana,11535236.0
Montana,12645824.0
Montana,15623573.0
Montana,15544.0
Montana,18.1
Montana,47169.0
Montana,26381.0
Montana,13.3
Montana,37270.0
Montana,375041.0
Montana,14227065.0
Montana,3.1
Montana,86969.0
Montana,112419.0
Montana,55913.0
Montana,35449.0
Montana,5578.0
Montana,102746.0
Montana,11486.0
Montana,93393.0
Montana,6.8
Montana,145545.8
Nebraska,1907116.0
Nebraska,1826334.0
Nebraska,4.4
Nebraska,1826341.0
Nebraska,7.0
Nebraska,7.2
Nebraska,24.8
Nebraska,25.1
Nebraska,15.0
Nebraska,13.5
Nebraska,50.2
Nebraska,50.4
Nebraska,88.9
Nebraska,5.0
Nebraska,1.4
Nebraska,2.5
Nebraska,0.1
Nebraska,2.1
Nebraska,10.7
Nebraska,79.6
Nebraska,132918.0
Nebraska,6.6
Nebraska,827156.0
Nebraska,796793.0
Nebraska,66.2
Nebraska,133200.0
Nebraska,1270.0
Nebraska,471.0
Nebraska,726.0
Nebraska,8078.0
Nebraska,736613.0
Nebraska,2.47
Nebraska,83.7
Nebraska,10.8
Nebraska,90.7
Nebraska,29.3
Nebraska,7.3
Nebraska,9.9
Nebraska,69.9
Nebraska,65.2
Nebraska,3094498.0
Nebraska,12869418.0
Nebraska,57499177.0
Nebraska,42618995.0
Nebraska,30470717.0
Nebraska,16422.0
Nebraska,18.3
Nebraska,52997.0
Nebraska,27882.0
Nebraska,11.4
Nebraska,53719.0
Nebraska,870279.0
Nebraska,36967924.0
Nebraska,2.3
Nebraska,131518.0
Nebraska,164089.0
Nebraska,83696.0
Nebraska,51936.0
Nebraska,14571.0
Nebraska,144122.0
Nebraska,16693.0
Nebraska,137254.0
Nebraska,23.8
Nebraska,76824.17
Nevada,2940058.0
Nevada,2700691.0
Nevada,8.9
Nevada,2700551.0
Nevada,6.3
Nevada,6.9
Nevada,23.0
Nevada,24.6
Nevada,15.0
Nevada,12.0
Nevada,49.9
Nevada,49.5
Nevada,75.1
Nevada,9.6
Nevada,1.6
Nevada,8.7
Nevada,0.8
Nevada,4.2
Nevada,28.5
Nevada,49.9
Nevada,220332.0
Nevada,19.2
Nevada,1221698.0
Nevada,1173814.0
Nevada,55.1
Nevada,173700.0
Nevada,1442.0
Nevada,410.0
Nevada,973.0
Nevada,17952.0
Nevada,1016709.0
Nevada,2.72
Nevada,78.8
Nevada,30.0
Nevada,85.1
Nevada,23.0
Nevada,9.0
Nevada,13.1
Nevada,64.0
Nevada,59.3
Nevada,27481505.0
Nevada,13928514.0
Nevada,14719141.0
Nevada,19841701.0
Nevada,38234170.0
Nevada,13858.0
Nevada,23.9
Nevada,51847.0
Nevada,26541.0
Nevada,13.8
Nevada,63383.0
Nevada,1129965.0
Nevada,46595673.0
Nevada,3.7
Nevada,205980.0
Nevada,227156.0
Nevada,114057.0
Nevada,82508.0
Nevada,71864.0
Nevada,144944.0
Nevada,23049.0
Nevada,191293.0
Nevada,24.6
Nevada,109781.18
New Hampshire,1334795.0
New Hampshire,1316461.0
New Hampshire,1.4
New Hampshire,1316470.0
New Hampshire,4.8
New Hampshire,5.3
New Hampshire,19.5
New Hampshire,21.8
New Hampshire,17.0
New Hampshire,13.5
New Hampshire,50.5
New Hampshire,50.7
New Hampshire,93.8
New Hampshire,1.5
New Hampshire,0.3
New Hampshire,2.7
New Hampshire,0.1
New Hampshire,1.7
New Hampshire,3.5
New Hampshire,90.8
New Hampshire,106827.0
New Hampshire,5.7
New Hampshire,625307.0
New Hampshire,614754.0
New Hampshire,71.0
New Hampshire,237300.0
New Hampshire,1870.0
New Hampshire,747.0
New Hampshire,1000.0
New Hampshire,3796.0
New Hampshire,520251.0
New Hampshire,2.47
New Hampshire,86.5
New Hampshire,7.9
New Hampshire,92.3
New Hampshire,34.9
New Hampshire,8.5
New Hampshire,7.1
New Hampshire,68.2
New Hampshire,63.8
New Hampshire,2942278.0
New Hampshire,9616460.0
New Hampshire,18895624.0
New Hampshire,18029179.0
New Hampshire,26018201.0
New Hampshire,19700.0
New Hampshire,26.9
New Hampshire,66779.0
New Hampshire,34362.0
New Hampshire,7.3
New Hampshire,37669.0
New Hampshire,576424.0
New Hampshire,28076320.0
New Hampshire,2.3
New Hampshire,104437.0
New Hampshire,131638.0
New Hampshire,76716.0
New Hampshire,38525.0
New Hampshire,6111.0
New Hampshire,121297.0
New Hampshire,16119.0
New Hampshire,108817.0
New Hampshire,147.0
New Hampshire,8952.65
New Jersey,8944469.0
New Jersey,8791953.0
New Jersey,1.7
New Jersey,8791894.0
New Jersey,5.8
New Jersey,6.2
New Jersey,22.2
New Jersey,23.5
New Jersey,15.3
New Jersey,13.5
New Jersey,51.2
New Jersey,51.3
New Jersey,72.4
New Jersey,15.0
New Jersey,0.6
New Jersey,9.8
New Jersey,0.1
New Jersey,2.2
New Jersey,20.0
New Jersey,55.8
New Jersey,393277.0
New Jersey,21.7
New Jersey,3604409.0
New Jersey,3553562.0
New Jersey,64.5
New Jersey,315900.0
New Jersey,2386.0
New Jersey,973.0
New Jersey,1192.0
New Jersey,26793.0
New Jersey,3189486.0
New Jersey,2.73
New Jersey,90.2
New Jersey,30.5
New Jersey,88.6
New Jersey,36.8
New Jersey,6.6
New Jersey,9.2
New Jersey,65.9
New Jersey,60.6
New Jersey,19673558.0
New Jersey,60375232.0
New Jersey,108854971.0
New Jersey,288467844.0
New Jersey,133665728.0
New Jersey,15079.0
New Jersey,31.0
New Jersey,72093.0
New Jersey,36582.0
New Jersey,10.4
New Jersey,230961.0
New Jersey,3558619.0
New Jersey,209072015.0
New Jersey,0.9
New Jersey,670765.0
New Jersey,792088.0
New Jersey,464592.0
New Jersey,252944.0
New Jersey,237242.0
New Jersey,533808.0
New Jersey,57996.0
New Jersey,707975.0
New Jersey,1195.5
New Jersey,7354.22
New Mexico,2081015.0
New Mexico,2059198.0
New Mexico,0.011
New Mexico,2059179.0
New Mexico,0.062
New Mexico,0.07
New Mexico,0.236
New Mexico,0.252
New Mexico,0.165
New Mexico,0.132
New Mexico,0.505
New Mexico,0.506
New Mexico,0.826
New Mexico,0.025
New Mexico,0.106
New Mexico,0.017
New Mexico,0.002
New Mexico,0.025
New Mexico,0.485
New Mexico,0.381
New Mexico,164157.0
New Mexico,0.098
New Mexico,917568.0
New Mexico,901388.0
New Mexico,0.681
New Mexico,160300.0
New Mexico,1227.0
New Mexico,327.0
New Mexico,777.0
New Mexico,4863.0
New Mexico,763603.0
New Mexico,2.67
New Mexico,0.857
New Mexico,0.357
New Mexico,0.842
New Mexico,0.263
New Mexico,0.101
New Mexico,0.108
New Mexico,0.591
New Mexico,0.549
New Mexico,4349672.0
New Mexico,11236630.0
New Mexico,29102352.0
New Mexico,10720363.0
New Mexico,25179274.0
New Mexico,12073.0
New Mexico,21.6
New Mexico,44963.0
New Mexico,24012.0
New Mexico,0.198
New Mexico,43793.0
New Mexico,626284.0
New Mexico,25145307.0
New Mexico,0.039
New Mexico,121279.0
New Mexico,151363.0
New Mexico,71132.0
New Mexico,59044.0
New Mexico,60622.0
New Mexico,83857.0
New Mexico,14096.0
New Mexico,128693.0
New Mexico,17.0
New Mexico,121298.15
New York,19745289.0
New York,19378110.0
New York,0.019
New York,19378102.0
New York,0.059
New York,0.06
New York,0.212
New York,0.223
New York,0.154
New York,0.135
New York,0.514
New York,0.516
New York,0.699
New York,0.177
New York,0.01
New York,0.089
New York,0.001
New York,0.025
New York,0.19
New York,0.558
New York,828586.0
New York,0.225
New York,8231687.0
New York,8108103.0
New York,0.536
New York,283400.0
New York,2022.0
New York,709.0
New York,1132.0
New York,33711.0
New York,7262279.0
New York,2.63
New York,0.891
New York,0.304
New York,0.856
New York,0.342
New York,0.074
New York,0.07
New York,0.633
New York,0.587
New York,49285508.0
New York,155666053.0
New York,148879931.0
New York,341734970.0
New York,251167736.0
New York,12834.0
New York,32.3
New York,59269.0
New York,33236.0
New York,0.147
New York,540298.0
New York,7998994.0
New York,513083321.0
New York,0.018
New York,1685636.0
New York,2008988.0
New York,1139910.0
New York,725709.0
New York,709021.0
New York,1248304.0
New York,137532.0
New York,1811544.0
New York,411.2
New York,47126.4
North Carolina,10146788.0
North Carolina,9535688.0
North Carolina,0.064
North Carolina,9535483.0
North Carolina,0.06
North Carolina,0.066
North Carolina,0.227
North Carolina,0.239
North Carolina,0.155
North Carolina,0.129
North Carolina,0.514
North Carolina,0.513
North Carolina,0.71
North Carolina,0.222
North Carolina,0.016
North Carolina,0.029
North Carolina,0.001
North Carolina,0.022
North Carolina,0.092
North Carolina,0.635
North Carolina,696119.0
North Carolina,0.077
North Carolina,4540498.0
North Carolina,4327528.0
North Carolina,0.651
North Carolina,154900.0
North Carolina,1248.0
North Carolina,373.0
North Carolina,797.0
North Carolina,60550.0
North Carolina,3775581.0
North Carolina,2.54
North Carolina,0.847
North Carolina,0.112
North Carolina,0.858
North Carolina,0.284
North Carolina,0.096
North Carolina,0.122
North Carolina,0.618
North Carolina,0.577
North Carolina,18622258.0
North Carolina,55227505.0
North Carolina,202344646.0
North Carolina,105275586.0
North Carolina,120691007.0
North Carolina,12376.0
North Carolina,23.9
North Carolina,46868.0
North Carolina,25920.0
North Carolina,0.154
North Carolina,223209.0
North Carolina,3670284.0
North Carolina,164936258.0
North Carolina,0.031
North Carolina,722639.0
North Carolina,805985.0
North Carolina,435677.0
North Carolina,287058.0
North Carolina,183380.0
North Carolina,603182.0
North Carolina,86571.0
North Carolina,684743.0
North Carolina,196.1
North Carolina,48617.91
North Dakota,757952.0
North Dakota,672591.0
North Dakota,0.127
North Dakota,672591.0
North Dakota,0.073
North Dakota,0.066
North Dakota,0.233
North Dakota,0.223
North Dakota,0.145
North Dakota,0.145
North Dakota,0.487
North Dakota,0.495
North Dakota,0.879
North Dakota,0.029
North Dakota,0.055
North Dakota,0.015
North Dakota,0.001
North Dakota,0.021
North Dakota,0.036
North Dakota,0.85
North Dakota,51179.0
North Dakota,0.032
North Dakota,368624.0
North Dakota,317498.0
North Dakota,0.641
North Dakota,153800.0
North Dakota,1243.0
North Dakota,423.0
North Dakota,709.0
North Dakota,3981.0
North Dakota,299638.0
North Dakota,2.32
North Dakota,0.822
North Dakota,0.056
North Dakota,0.917
North Dakota,0.277
North Dakota,0.068
North Dakota,0.081
North Dakota,0.693
North Dakota,0.65
North Dakota,2045123.0
North Dakota,5418355.0
North Dakota,14427360.0
North Dakota,28150837.0
North Dakota,15519816.0
North Dakota,22183.0
North Dakota,17.2
North Dakota,57181.0
North Dakota,32035.0
North Dakota,0.107
North Dakota,24848.0
North Dakota,365893.0
North Dakota,17184756.0
North Dakota,0.014
North Dakota,53263.0
North Dakota,68270.0
North Dakota,37016.0
North Dakota,20316.0
North Dakota,3190.0
North Dakota,62271.0
North Dakota,6584.0
North Dakota,56904.0
North Dakota,9.7
North Dakota,69000.8
Ohio,11614373.0
Ohio,11536727.0
Ohio,0.007
Ohio,11536504.0
Ohio,0.06
Ohio,0.062
Ohio,0.225
Ohio,0.237
Ohio,0.162
Ohio,0.141
Ohio,0.51
Ohio,0.512
Ohio,0.825
Ohio,0.128
Ohio,0.003
Ohio,0.022
Ohio,0.001
Ohio,0.022
Ohio,0.037
Ohio,0.795
Ohio,806531.0
Ohio,0.041
Ohio,5164361.0
Ohio,5127508.0
Ohio,0.663
Ohio,129900.0
Ohio,1246.0
Ohio,444.0
Ohio,730.0
Ohio,22816.0
Ohio,4585084.0
Ohio,2.46
Ohio,0.853
Ohio,0.067
Ohio,0.891
Ohio,0.261
Ohio,0.099
Ohio,0.066
Ohio,0.633
Ohio,0.59
Ohio,20652777.0
Ohio,80915693.0
Ohio,313629976.0
Ohio,155426023.0
Ohio,153553997.0
Ohio,13301.0
Ohio,23.2
Ohio,49429.0
Ohio,26953.0
Ohio,0.146
Ohio,251668.0
Ohio,4719985.0
Ohio,213161303.0
Ohio,0.018
Ohio,763418.0
Ohio,904814.0
Ohio,510078.0
Ohio,306824.0
Ohio,122653.0
Ohio,759569.0
Ohio,91316.0
Ohio,776193.0
Ohio,282.3
Ohio,40860.69
Oklahoma,3923561.0
Oklahoma,3751615.0
Oklahoma,0.046
Oklahoma,3751351.0
Oklahoma,0.068
Oklahoma,0.07
Oklahoma,0.245
Oklahoma,0.248
Oklahoma,0.15
Oklahoma,0.135
Oklahoma,0.505
Oklahoma,0.505
Oklahoma,0.746
Oklahoma,0.078
Oklahoma,0.092
Oklahoma,0.022
Oklahoma,0.002
Oklahoma,0.061
Oklahoma,0.103
Oklahoma,0.662
Oklahoma,295847.0
Oklahoma,0.058
Oklahoma,1721045.0
Oklahoma,1664378.0
Oklahoma,0.661
Oklahoma,117900.0
Oklahoma,1147.0
Oklahoma,370.0
Oklahoma,727.0
Oklahoma,12092.0
Oklahoma,1455321.0
Oklahoma,2.57
Oklahoma,0.826
Oklahoma,0.098
Oklahoma,0.869
Oklahoma,0.241
Oklahoma,0.113
Oklahoma,0.161
Oklahoma,0.611
Oklahoma,0.557
Oklahoma,7121153.0
Oklahoma,22795438.0
Oklahoma,74295394.0
Oklahoma,71892946.0
Oklahoma,50256231.0
Oklahoma,13174.0
Oklahoma,21.3
Oklahoma,46879.0
Oklahoma,25032.0
Oklahoma,0.163
Oklahoma,93093.0
Oklahoma,1370988.0
Oklahoma,59124620.0
Oklahoma,0.008
Oklahoma,276218.0
Oklahoma,327229.0
Oklahoma,174395.0
Oklahoma,105168.0
Oklahoma,64875.0
Oklahoma,249027.0
Oklahoma,36273.0
Oklahoma,273491.0
Oklahoma,54.7
Oklahoma,68594.92
Oregon,4093465.0
Oregon,3831072.0
Oregon,0.068
Oregon,3831074.0
Oregon,0.058
Oregon,0.062
Oregon,0.212
Oregon,0.226
Oregon,0.168
Oregon,0.139
Oregon,0.505
Oregon,0.505
Oregon,0.874
Oregon,0.021
Oregon,0.018
Oregon,0.045
Oregon,0.004
Oregon,0.038
Oregon,0.128
Oregon,0.764
Oregon,306723.0
Oregon,0.099
Oregon,1732786.0
Oregon,1675562.0
Oregon,0.613
Oregon,237300.0
Oregon,1557.0
Oregon,469.0
Oregon,907.0
Oregon,19586.0
Oregon,1533430.0
Oregon,2.51
Oregon,0.819
Oregon,0.151
Oregon,0.898
Oregon,0.308
Oregon,0.102
Oregon,0.073
Oregon,0.621
Oregon,0.576
Oregon,8466788.0
Oregon,24956816.0
Oregon,51349948.0
Oregon,48325261.0
Oregon,49481054.0
Oregon,12690.0
Oregon,22.9
Oregon,51243.0
Oregon,27684.0
Oregon,0.133
Oregon,112393.0
Oregon,1498727.0
Oregon,71006598.0
Oregon,0.038
Oregon,278839.0
Oregon,339305.0
Oregon,165691.0
Oregon,123015.0
Oregon,41456.0
Oregon,285028.0
Oregon,30918.0
Oregon,288790.0
Oregon,39.9
Oregon,95988.01
Pennsylvania,12784227.0
Pennsylvania,12702857.0
Pennsylvania,0.006
Pennsylvania,12702379.0
Pennsylvania,0.056
Pennsylvania,0.057
Pennsylvania,0.209
Pennsylvania,0.22
Pennsylvania,0.174
Pennsylvania,0.154
Pennsylvania,0.51
Pennsylvania,0.513
Pennsylvania,0.824
Pennsylvania,0.118
Pennsylvania,0.004
Pennsylvania,0.035
Pennsylvania,0.001
Pennsylvania,0.019
Pennsylvania,0.07
Pennsylvania,0.77
Pennsylvania,870770.0
Pennsylvania,0.063
Pennsylvania,5612002.0
Pennsylvania,5567315.0
Pennsylvania,0.692
Pennsylvania,166000.0
Pennsylvania,1425.0
Pennsylvania,498.0
Pennsylvania,840.0
Pennsylvania,23303.0
Pennsylvania,4958859.0
Pennsylvania,2.49
Pennsylvania,0.88
Pennsylvania,0.106
Pennsylvania,0.892
Pennsylvania,0.286
Pennsylvania,0.095
Pennsylvania,0.067
Pennsylvania,0.628
Pennsylvania,0.583
Pennsylvania,23504192.0
Pennsylvania,96329248.0
Pennsylvania,231396178.0
Pennsylvania,191170147.0
Pennsylvania,178794945.0
Pennsylvania,14008.0
Pennsylvania,26.3
Pennsylvania,53599.0
Pennsylvania,29291.0
Pennsylvania,0.129
Pennsylvania,299695.0
Pennsylvania,5306896.0
Pennsylvania,257626942.0
Pennsylvania,0.01
Pennsylvania,811890.0
Pennsylvania,975453.0
Pennsylvania,579400.0
Pennsylvania,304803.0
Pennsylvania,131512.0
Pennsylvania,818858.0
Pennsylvania,97969.0
Pennsylvania,837792.0
Pennsylvania,283.9
Pennsylvania,44742.7
Rhode Island,1056426.0
Rhode Island,1052940.0
Rhode Island,0.003
Rhode Island,1052567.0
Rhode Island,0.052
Rhode Island,0.055
Rhode Island,0.197
Rhode Island,0.213
Rhode Island,0.165
Rhode Island,0.144
Rhode Island,0.514
Rhode Island,0.517
Rhode Island,0.844
Rhode Island,0.081
Rhode Island,0.01
Rhode Island,0.036
Rhode Island,0.002
Rhode Island,0.027
Rhode Island,0.149
Rhode Island,0.733
Rhode Island,66076.0
Rhode Island,0.133
Rhode Island,462589.0
Rhode Island,463388.0
Rhode Island,0.601
Rhode Island,238000.0
Rhode Island,1815.0
Rhode Island,682.0
Rhode Island,925.0
Rhode Island,1226.0
Rhode Island,410602.0
Rhode Island,2.46
Rhode Island,0.866
Rhode Island,0.214
Rhode Island,0.862
Rhode Island,0.319
Rhode Island,0.089
Rhode Island,0.051
Rhode Island,0.655
Rhode Island,0.616
Rhode Island,2481314.0
Rhode Island,8223005.0
Rhode Island,11262158.0
Rhode Island,22310389.0
Rhode Island,12063865.0
Rhode Island,11486.0
Rhode Island,24.2
Rhode Island,56852.0
Rhode Island,31118.0
Rhode Island,0.128
Rhode Island,28387.0
Rhode Island,425748.0
Rhode Island,19704826.0
Rhode Island,0.01
Rhode Island,76747.0
Rhode Island,94642.0
Rhode Island,54651.0
Rhode Island,30484.0
Rhode Island,14737.0
Rhode Island,77042.0
Rhode Island,9904.0
Rhode Island,79837.0
Rhode Island,1018.1
Rhode Island,1033.81
South Carolina,4961119.0
South Carolina,4625410.0
South Carolina,0.073
South Carolina,4625364.0
South Carolina,0.059
South Carolina,0.065
South Carolina,0.221
South Carolina,0.234
South Carolina,0.167
South Carolina,0.137
South Carolina,0.515
South Carolina,0.514
South Carolina,0.685
South Carolina,0.275
South Carolina,0.005
South Carolina,0.016
South Carolina,0.001
South Carolina,0.018
South Carolina,0.055
South Carolina,0.639
South Carolina,378959.0
South Carolina,0.048
South Carolina,2236153.0
South Carolina,2137683.0
South Carolina,0.686
South Carolina,139900.0
South Carolina,1183.0
South Carolina,347.0
South Carolina,790.0
South Carolina,32165.0
South Carolina,1815094.0
South Carolina,2.56
South Carolina,0.847
South Carolina,0.069
South Carolina,0.856
South Carolina,0.258
South Carolina,0.103
South Carolina,0.119
South Carolina,0.601
South Carolina,0.562
South Carolina,9763818.0
South Carolina,22941292.0
South Carolina,99160840.0
South Carolina,45520900.0
South Carolina,58093824.0
South Carolina,12298.0
South Carolina,23.9
South Carolina,45483.0
South Carolina,24604.0
South Carolina,0.153
South Carolina,103973.0
South Carolina,1662251.0
South Carolina,66120263.0
South Carolina,0.028
South Carolina,329431.0
South Carolina,367726.0
South Carolina,202446.0
South Carolina,131856.0
South Carolina,83233.0
South Carolina,276269.0
South Carolina,47987.0
South Carolina,303137.0
South Carolina,153.9
South Carolina,30060.7
South Dakota,865454.0
South Dakota,814195.0
South Dakota,0.063
South Dakota,814180.0
South Dakota,0.071
South Dakota,0.073
South Dakota,0.246
South Dakota,0.249
South Dakota,0.16
South Dakota,0.143
South Dakota,0.496
South Dakota,0.5
South Dakota,0.852
South Dakota,0.02
South Dakota,0.09
South Dakota,0.015
South Dakota,0.001
South Dakota,0.023
South Dakota,0.037
South Dakota,0.825
South Dakota,63742.0
South Dakota,0.03
South Dakota,383838.0
South Dakota,363438.0
South Dakota,0.681
South Dakota,140500.0
South Dakota,1210.0
South Dakota,433.0
South Dakota,655.0
South Dakota,5686.0
South Dakota,330858.0
South Dakota,2.45
South Dakota,0.834
South Dakota,0.065
South Dakota,0.909
South Dakota,0.27
South Dakota,0.084
South Dakota,0.103
South Dakota,0.686
South Dakota,0.646
South Dakota,1873699.0
South Dakota,6211731.0
South Dakota,16882647.0
South Dakota,20411059.0
South Dakota,13791827.0
South Dakota,16550.0
South Dakota,16.9
South Dakota,50957.0
South Dakota,26747.0
South Dakota,0.133
South Dakota,26511.0
South Dakota,353540.0
South Dakota,13812997.0
South Dakota,0.016
South Dakota,64006.0
South Dakota,81314.0
South Dakota,42418.0
South Dakota,23722.0
South Dakota,4101.0
South Dakota,74228.0
South Dakota,8604.0
South Dakota,66219.0
South Dakota,10.7
South Dakota,75811.0
Tennessee,6651194.0
Tennessee,6346298.0
Tennessee,0.048
Tennessee,6346105.0
Tennessee,0.061
Tennessee,0.064
Tennessee,0.226
Tennessee,0.236
Tennessee,0.157
Tennessee,0.134
Tennessee,0.512
Tennessee,0.513
Tennessee,0.787
Tennessee,0.171
Tennessee,0.004
Tennessee,0.018
Tennessee,0.001
Tennessee,0.019
Tennessee,0.052
Tennessee,0.742
Tennessee,462414.0
Tennessee,0.048
Tennessee,2919671.0
Tennessee,2812133.0
Tennessee,0.668
Tennessee,142100.0
Tennessee,1181.0
Tennessee,359.0
Tennessee,764.0
Tennessee,36157.0
Tennessee,2504556.0
Tennessee,2.53
Tennessee,0.847
Tennessee,0.069
Tennessee,0.855
Tennessee,0.249
Tennessee,0.112
Tennessee,0.106
Tennessee,0.61
Tennessee,0.563
Tennessee,12499013.0
Tennessee,42383683.0
Tennessee,139960482.0
Tennessee,111718421.0
Tennessee,91641605.0
Tennessee,14194.0
Tennessee,24.5
Tennessee,45219.0
Tennessee,25227.0
Tennessee,0.158
Tennessee,133344.0
Tennessee,2507205.0
Tennessee,110481280.0
Tennessee,0.022
Tennessee,495703.0
Tennessee,550453.0
Tennessee,302249.0
Tennessee,195694.0
Tennessee,105234.0
Tennessee,434025.0
Tennessee,59379.0
Tennessee,469392.0
Tennessee,153.9
Tennessee,41234.9
Texas,27862596.0
Texas,25146100.0
Texas,10.8
Texas,25145561.0
Texas,7.2
Texas,7.7
Texas,26.2
Texas,27.3
Texas,12.0
Texas,10.3
Texas,50.4
Texas,50.4
Texas,79.4
Texas,12.6
Texas,1.0
Texas,4.8
Texas,0.1
Texas,1.9
Texas,39.1
Texas,42.6
Texas,1539655.0
Texas,16.6
Texas,10753629.0
Texas,9977436.0
Texas,62.2
Texas,136000.0
Texas,1432.0
Texas,460.0
Texas,882.0
Texas,165853.0
Texas,9149196.0
Texas,2.84
Texas,83.3
Texas,35.0
Texas,81.9
Texas,27.6
Texas,8.1
Texas,18.6
Texas,64.3
Texas,57.7
Texas,54480811.0
Texas,145035130.0
Texas,702603073.0
Texas,691242607.0
Texas,356116376.0
Texas,13666.0
Texas,25.6
Texas,53207.0
Texas,26999.0
Texas,15.6
Texas,569091.0
Texas,10239710.0
Texas,521095797.0
Texas,3.2
Texas,2205149.0
Texas,2356748.0
Texas,1251696.0
Texas,866678.0
Texas,1070392.0
Texas,1224845.0
Texas,213590.0
Texas,2057218.0
Texas,96.3
Texas,261231.71
Utah,3051217.0
Utah,2763888.0
Utah,10.4
Utah,2763885.0
Utah,8.3
Utah,9.5
Utah,30.2
Utah,31.5
Utah,10.5
Utah,9.0
Utah,49.7
Utah,49.8
Utah,91.1
Utah,1.4
Utah,1.6
Utah,2.5
Utah,1.0
Utah,2.5
Utah,13.8
Utah,78.8
Utah,134332.0
Utah,8.4
Utah,1054164.0
Utah,979709.0
Utah,69.5
Utah,215900.0
Utah,1428.0
Utah,388.0
Utah,887.0
Utah,22662.0
Utah,906292.0
Utah,3.15
Utah,82.9
Utah,14.7
Utah,91.2
Utah,31.1
Utah,6.6
Utah,9.7
Utah,67.7
Utah,59.5
Utah,4789281.0
Utah,14521857.0
Utah,50046429.0
Utah,30927885.0
Utah,38024486.0
Utah,13317.0
Utah,21.6
Utah,60727.0
Utah,24686.0
Utah,10.2
Utah,75463.0
Utah,1203954.0
Utah,51453266.0
Utah,4.9
Utah,216280.0
Utah,251419.0
Utah,132163.0
Utah,76269.0
Utah,24423.0
Utah,218826.0
Utah,18754.0
Utah,219807.0
Utah,33.6
Utah,82169.62
Vermont,624594.0
Vermont,625741.0
Vermont,-0.2
Vermont,625741.0
Vermont,4.9
Vermont,5.1
Vermont,19.0
Vermont,20.7
Vermont,18.1
Vermont,14.6
Vermont,50.6
Vermont,50.7
Vermont,94.6
Vermont,1.3
Vermont,0.4
Vermont,1.8
Vermont,1.9
Vermont,1.9
Vermont,93.1
Vermont,44708.0
Vermont,4.3
Vermont,329525.0
Vermont,322539.0
Vermont,71.0
Vermont,217500.0
Vermont,1535.0
Vermont,641.0
Vermont,895.0
Vermont,1771.0
Vermont,257167.0
Vermont,2.34
Vermont,86.5
Vermont,5.4
Vermont,91.8
Vermont,36.0
Vermont,10.0
Vermont,4.5
Vermont,66.6
Vermont,63.6
Vermont,1564272.0
Vermont,4457996.0
Vermont,9315494.0
Vermont,6450076.0
Vermont,9933751.0
Vermont,15868.0
Vermont,22.5
Vermont,55176.0
Vermont,29894.0
Vermont,11.9
Vermont,21121.0
Vermont,266363.0
Vermont,10615093.0
Vermont,2.0
Vermont,60312.0
Vermont,75827.0
Vermont,41270.0
Vermont,23417.0
Vermont,2354.0
Vermont,70491.0
Vermont,8237.0
Vermont,63317.0
Vermont,67.9
Vermont,9216.66
Virginia,8411808.0
Virginia,8001041.0
Virginia,5.1
Virginia,8001024.0
Virginia,6.1
Virginia,6.4
Virginia,22.2
Virginia,23.2
Virginia,14.6
Virginia,12.2
Virginia,50.8
Virginia,50.9
Virginia,70.0
Virginia,19.8
Virginia,0.5
Virginia,6.6
Virginia,0.1
Virginia,2.9
Virginia,9.1
Virginia,62.4
Virginia,706539.0
Virginia,11.7
Virginia,3491054.0
Virginia,3364939.0
Virginia,66.2
Virginia,245000.0
Virginia,1711.0
Virginia,433.0
Virginia,1116.0
Virginia,31132.0
Virginia,3062783.0
Virginia,2.62
Virginia,84.4
Virginia,15.4
Virginia,88.3
Virginia,36.3
Virginia,7.7
Virginia,10.1
Virginia,64.7
Virginia,60.8
Virginia,17795901.0
Virginia,47705003.0
Virginia,96389872.0
Virginia,86613641.0
Virginia,110002385.0
Virginia,13438.0
Virginia,27.9
Virginia,65015.0
Virginia,34152.0
Virginia,11.0
Virginia,197384.0
Virginia,3198718.0
Virginia,165788897.0
Virginia,1.2
Virginia,576446.0
Virginia,653193.0
Virginia,353012.0
Virginia,236290.0
Virginia,185043.0
Virginia,450109.0
Virginia,76434.0
Virginia,548439.0
Virginia,202.6
Virginia,39490.09
Washington,7288000.0
Washington,6724545.0
Washington,8.4
Washington,6724540.0
Washington,6.2
Washington,6.5
Washington,22.4
Washington,23.5
Washington,14.8
Washington,12.3
Washington,50.0
Washington,50.2
Washington,80.0
Washington,4.1
Washington,1.9
Washington,8.6
Washington,0.8
Washington,4.6
Washington,12.4
Washington,69.5
Washington,564864.0
Washington,13.4
Washington,3025685.0
Washington,2885677.0
Washington,62.5
Washington,259500.0
Washington,1731.0
Washington,511.0
Washington,1014.0
Washington,44077.0
Washington,2668912.0
Washington,2.56
Washington,82.5
Washington,18.9
Washington,90.4
Washington,32.9
Washington,8.9
Washington,6.9
Washington,63.5
Washington,58.5
Washington,14297278.0
Washington,43966889.0
Washington,131530601.0
Washington,83313366.0
Washington,118924049.0
Washington,17243.0
Washington,26.3
Washington,61062.0
Washington,31762.0
Washington,11.3
Washington,182913.0
Washington,2602408.0
Washington,149258789.0
Washington,2.9
Washington,444135.0
Washington,541522.0
Washington,262650.0
Washington,187677.0
Washington,92807.0
Washington,426697.0
Washington,49331.0
Washington,461401.0
Washington,101.2
Washington,66455.52
West Virginia,1831102.0
West Virginia,1853011.0
West Virginia,-1.2
West Virginia,1852994.0
West Virginia,5.5
West Virginia,5.6
West Virginia,20.5
West Virginia,20.9
West Virginia,18.8
West Virginia,16.0
West Virginia,50.5
West Virginia,50.7
West Virginia,93.6
West Virginia,3.6
West Virginia,0.2
West Virginia,0.8
West Virginia,1.7
West Virginia,1.5
West Virginia,92.3
West Virginia,150021.0
West Virginia,1.5
West Virginia,886640.0
West Virginia,881917.0
West Virginia,72.5
West Virginia,103800.0
West Virginia,966.0
West Virginia,293.0
West Virginia,643.0
West Virginia,2544.0
West Virginia,740890.0
West Virginia,2.43
West Virginia,88.2
West Virginia,2.5
West Virginia,85.0
West Virginia,19.2
West Virginia,14.4
West Virginia,6.5
West Virginia,53.9
West Virginia,49.2
West Virginia,4036333.0
West Virginia,12259395.0
West Virginia,24553072.0
West Virginia,14295437.0
West Virginia,22637923.0
West Virginia,12201.0
West Virginia,25.6
West Virginia,41751.0
West Virginia,23450.0
West Virginia,17.9
West Virginia,36993.0
West Virginia,565435.0
West Virginia,22159084.0
West Virginia,-1.7
West Virginia,88136.0
West Virginia,114435.0
West Virginia,63112.0
West Virginia,39065.0
West Virginia,5777.0
West Virginia,104785.0
West Virginia,12912.0
West Virginia,94960.0
West Virginia,77.1
West Virginia,24038.21
Wisconsin,5778708.0
Wisconsin,5687289.0
Wisconsin,1.6
Wisconsin,5686986.0
Wisconsin,5.8
Wisconsin,6.3
Wisconsin,22.3
Wisconsin,23.6
Wisconsin,16.1
Wisconsin,13.7
Wisconsin,50.3
Wisconsin,50.4
Wisconsin,87.5
Wisconsin,6.6
Wisconsin,1.1
Wisconsin,2.8
Wisconsin,0.1
Wisconsin,1.9
Wisconsin,6.7
Wisconsin,81.7
Wisconsin,381940.0
Wisconsin,4.8
Wisconsin,2668444.0
Wisconsin,2624358.0
Wisconsin,67.3
Wisconsin,165800.0
Wisconsin,1402.0
Wisconsin,532.0
Wisconsin,776.0
Wisconsin,19274.0
Wisconsin,2299107.0
Wisconsin,2.43
Wisconsin,85.8
Wisconsin,8.7
Wisconsin,91.0
Wisconsin,27.8
Wisconsin,8.2
Wisconsin,6.2
Wisconsin,67.1
Wisconsin,63.5
Wisconsin,10303256.0
Wisconsin,40680625.0
Wisconsin,177728926.0
Wisconsin,77066883.0
Wisconsin,78201822.0
Wisconsin,13656.0
Wisconsin,21.9
Wisconsin,53357.0
Wisconsin,28340.0
Wisconsin,11.8
Wisconsin,139500.0
Wisconsin,2503532.0
Wisconsin,112406494.0
Wisconsin,2.2
Wisconsin,341935.0
Wisconsin,432980.0
Wisconsin,236252.0
Wisconsin,133859.0
Wisconsin,40507.0
Wisconsin,379934.0
Wisconsin,39830.0
Wisconsin,370755.0
Wisconsin,105.0
Wisconsin,54157.8
Wyoming,585501.0
Wyoming,563767.0
Wyoming,3.9
Wyoming,563626.0
Wyoming,6.5
Wyoming,7.1
Wyoming,23.7
Wyoming,24.0
Wyoming,15.0
Wyoming,12.4
Wyoming,48.9
Wyoming,49.0
Wyoming,92.8
Wyoming,1.3
Wyoming,2.7
Wyoming,1.0
Wyoming,0.1
Wyoming,2.1
Wyoming,10.0
Wyoming,84.1
Wyoming,48505.0
Wyoming,3.6
Wyoming,270600.0
Wyoming,261868.0
Wyoming,69.1
Wyoming,194800.0
Wyoming,1348.0
Wyoming,386.0
Wyoming,789.0
Wyoming,1727.0
Wyoming,226865.0
Wyoming,2.49
Wyoming,81.9
Wyoming,7.1
Wyoming,92.3
Wyoming,25.7
Wyoming,8.5
Wyoming,13.4
Wyoming,67.7
Wyoming,62.7
Wyoming,1644844.0
Wyoming,3291478.0
Wyoming,10783794.0
Wyoming,5597891.0
Wyoming,9446043.0
Wyoming,16388.0
Wyoming,18.3
Wyoming,58840.0
Wyoming,29803.0
Wyoming,11.3
Wyoming,21040.0
Wyoming,219881.0
Wyoming,10094010.0
Wyoming,48140.0
Wyoming,62427.0
Wyoming,30039.0
Wyoming,19344.0
Wyoming,4077.0
Wyoming,55397.0
Wyoming,6470.0
Wyoming,51353.0
Wyoming,5.8
Wyoming,97093.14
